_id;id;name
645c79f7cae6600fd980b937;MDg6TGFuZ3VhZ2U3MzE=;Ignore List
645c79f7cae6600fd980b939;MDg6TGFuZ3VhZ2UzMTM=;Markdown
645c79f7cae6600fd980b93b;MDg6TGFuZ3VhZ2U2Mjk=;YAML
645c79f7cae6600fd980b93d;MDg6TGFuZ3VhZ2U2MTk=;Text
645c79f9cae6600fd980b93f;MDg6TGFuZ3VhZ2U3MzA=;EditorConfig
645c79f9cae6600fd980b941;MDg6TGFuZ3VhZ2U2Nzg=;JSON with Comments
645c79f9cae6600fd980b943;MDg6TGFuZ3VhZ2U3MDE=;Git Attributes
645c79facae6600fd980b945;MDg6TGFuZ3VhZ2U1MzU=;Dockerfile
645c79facae6600fd980b947;MDg6TGFuZ3VhZ2U1NjE=;JSON
645c79fccae6600fd980b949;MDg6TGFuZ3VhZ2U0MDM=;Makefile
645c79fccae6600fd980b94b;MDg6TGFuZ3VhZ2UxMzk=;Shell
645c79fccae6600fd980b94d;MDg6TGFuZ3VhZ2U1ODA=;M4Sugar
645c7a4ccae6600fd980b94f;MDg6TGFuZ3VhZ2UxOTA=;Go
645c7a68cae6600fd980b951;MDg6TGFuZ3VhZ2U2ODg=;HAProxy
645c7a97cae6600fd980b953;MDg6TGFuZ3VhZ2UxNDU=;Python
645c7a97cae6600fd980b955;MDg6TGFuZ3VhZ2U2OTA=;Java Properties
645c7a98cae6600fd980b957;MDg6TGFuZ3VhZ2U1MjA=;Ant Build System
645c7a98cae6600fd980b959;MDg6TGFuZ3VhZ2U0MzM=;Diff
645c7aa3cae6600fd980b95b;MDg6TGFuZ3VhZ2U3OTU=;robots.txt
645c7ab4cae6600fd980b95d;MDg6TGFuZ3VhZ2U3OTQ=;Microsoft Visual Studio Solution
645c7ab4cae6600fd980b95f;MDg6TGFuZ3VhZ2UyODM=;XML
645c7ab4cae6600fd980b961;MDg6TGFuZ3VhZ2UxNDc=;Perl
645c7ab4cae6600fd980b963;MDg6TGFuZ3VhZ2UxNDk=;C
645c7abbcae6600fd980b965;MDg6TGFuZ3VhZ2U1NTg=;INI
645c7ad5cae6600fd980b967;MDg6TGFuZ3VhZ2U3MDQ=;Git Config
645c7ad5cae6600fd980b969;MDg6TGFuZ3VhZ2UxNDE=;Ruby
645c859e2eba3facb617fda9;MDg6TGFuZ3VhZ2U2MTc=;TOML
645c859f2eba3facb617fdac;MDg6TGFuZ3VhZ2UyNDk=;Rust
645c85a02eba3facb617fdaf;LAN_kgDNAyk;Gemfile.lock
645c85d42eba3facb617fdb9;MDg6TGFuZ3VhZ2UxNDA=;JavaScript
645c85f42eba3facb617fdbb;MDg6TGFuZ3VhZ2U0MTc=;HTML
645c86032eba3facb617fdbf;LAN_kgDNAzE;Procfile
645c86142eba3facb617fdc3;MDg6TGFuZ3VhZ2U2MDg=;SVG
645c86152eba3facb617fdc5;MDg6TGFuZ3VhZ2U3OTY=;CODEOWNERS
645c86512eba3facb617fdc8;MDg6TGFuZ3VhZ2UyMzg=;F#
645c86532eba3facb617fdca;MDg6TGFuZ3VhZ2UyODc=;TypeScript
645c86612eba3facb617fdd6;MDg6TGFuZ3VhZ2U2OTQ=;Zig
645c86842eba3facb617fdde;MDg6TGFuZ3VhZ2U3ODU=;Browserslist
645c86872eba3facb617fde1;MDg6TGFuZ3VhZ2UxNDI=;C++
645c86922eba3facb617fde5;LAN_kgDNA2A;Git Revision List
645c86922eba3facb617fdea;MDg6TGFuZ3VhZ2U2MzQ=;reStructuredText
645c86992eba3facb617fdf3;LAN_kgDNA4I;Dotenv
645c869a2eba3facb617fdfb;MDg6TGFuZ3VhZ2U2MzE=;desktop
645c869b2eba3facb617fdfe;MDg6TGFuZ3VhZ2U1ODI=;Maven POM
645c86a12eba3facb617fe03;MDg6TGFuZ3VhZ2UyNzI=;Kotlin
645c86a22eba3facb617fe05;MDg6TGFuZ3VhZ2U0NjM=;Batchfile
645c86b72eba3facb617fe09;MDg6TGFuZ3VhZ2U1NDc=;Gradle
645c87022eba3facb617fe0d;MDg6TGFuZ3VhZ2UzNzk=;Nix
645c87212eba3facb617fe15;MDg6TGFuZ3VhZ2U3MDM=;Roff Manpage
645c87282eba3facb617fe17;LAN_kgDNAys;Go Module
645c87282eba3facb617fe19;LAN_kgDNAyo;Go Checksums
645c87e22eba3facb617fe26;MDg6TGFuZ3VhZ2U0MzU=;QMake
645c88032eba3facb617fe35;MDg6TGFuZ3VhZ2UyMzI=;C#
645c88492eba3facb617fe44;MDg6TGFuZ3VhZ2U2OTU=;Rich Text Format
645c8b552eba3facb617fe4c;MDg6TGFuZ3VhZ2UxNzU=;Groovy
645c8b6f2eba3facb617fe50;MDg6TGFuZ3VhZ2U1NTQ=;HTML+ERB
645c8b9c2eba3facb617fe52;MDg6TGFuZ3VhZ2U0MjE=;Nginx
645c8c332eba3facb617fe55;MDg6TGFuZ3VhZ2U3NDM=;XML Property List
645c8c392eba3facb617fe57;MDg6TGFuZ3VhZ2UzMDg=;CSS
645c8c472eba3facb617fe63;MDg6TGFuZ3VhZ2UyNjQ=;PowerShell
645c8c542eba3facb617fe6a;MDg6TGFuZ3VhZ2UxNjc=;Haskell
645c8c542eba3facb617fe6c;MDg6TGFuZ3VhZ2U3MDA=;Cabal Config
645c8c5e2eba3facb617fe6f;MDg6TGFuZ3VhZ2UxODA=;Clojure
645c8c7c2eba3facb617fe86;MDg6TGFuZ3VhZ2U0NDA=;CMake
645c8c822eba3facb617fe8d;MDg6TGFuZ3VhZ2UxNTE=;PHP
645c8e5f2eba3facb617fec1;MDg6TGFuZ3VhZ2U2NjY=;Nextflow
645c8e892eba3facb617fec7;MDg6TGFuZ3VhZ2U2MDE=;RMarkdown
645c8e892eba3facb617fec9;MDg6TGFuZ3VhZ2UxODU=;R
645c8f8e2eba3facb617fedc;MDg6TGFuZ3VhZ2UxNTI=;Emacs Lisp
645c8f922eba3facb617fee3;MDg6TGFuZ3VhZ2UzNjc=;SQL
645c8fa22eba3facb617fef0;MDg6TGFuZ3VhZ2U3ODY=;Jinja
645c911e2eba3facb617ff17;MDg6TGFuZ3VhZ2U3MzQ=;NPM Config
645c911f2eba3facb617ff1c;LAN_kgDNA00;Redirect Rules
645c91272eba3facb617ff26;LAN_kgDNAy0;Earthly
645c915e2eba3facb617ff32;MDg6TGFuZ3VhZ2U2Mzc=;Meson
645c91be2eba3facb617ff3c;MDg6TGFuZ3VhZ2U3MTY=;TSX
645c91c32eba3facb617ff4b;MDg6TGFuZ3VhZ2U0MjU=;QML
645c91c92eba3facb617ff51;MDg6TGFuZ3VhZ2UyMzU=;Racket
645c92262eba3facb617ff59;MDg6TGFuZ3VhZ2UxNDQ=;Scheme
645c92952eba3facb617ff61;MDg6TGFuZ3VhZ2U1OTE=;Org
645c993c2eba3facb617ff7b;MDg6TGFuZ3VhZ2U0MzE=;Smarty
645c9c5e2eba3facb617ff8e;MDg6TGFuZ3VhZ2UxNjQ=;Lua
645c9c682eba3facb617ff91;MDg6TGFuZ3VhZ2UxOTU=;CoffeeScript
645ca19d2eba3facb617ffaa;MDg6TGFuZ3VhZ2U0MDA=;Hack
645ca2212eba3facb617ffba;MDg6TGFuZ3VhZ2U1NjU=;Pug
645ca2252eba3facb617ffc3;MDg6TGFuZ3VhZ2UyNzM=;Julia
645ca25a2eba3facb617ffcb;MDg6TGFuZ3VhZ2U0ODk=;Jupyter Notebook
645ca4332eba3facb6180012;MDg6TGFuZ3VhZ2UyMzY=;Assembly
645ca4942eba3facb618001a;MDg6TGFuZ3VhZ2U1NzQ=;Less
645ca4b32eba3facb6180027;MDg6TGFuZ3VhZ2UxNTg=;Java
645ca5922eba3facb618006c;MDg6TGFuZ3VhZ2U0Mzg=;NSIS
645ca9322eba3facb61800ce;MDg6TGFuZ3VhZ2UzMTQ=;RDoc
645cac4f2eba3facb6180109;MDg6TGFuZ3VhZ2U3MTU=;Motorola 68K Assembly
645cac4f2eba3facb618010b;LAN_kgDNA14;Checksums
645cacaa2eba3facb618012c;MDg6TGFuZ3VhZ2U1Njg=;Roff
645caf152eba3facb6180162;MDg6TGFuZ3VhZ2U2MDU=;SCSS
645cb13e2eba3facb618018d;MDg6TGFuZ3VhZ2U1NjI=;JSON5
645cb6002eba3facb618019e;MDg6TGFuZ3VhZ2U1MjI=;AsciiDoc
645cb6982eba3facb61801a1;MDg6TGFuZ3VhZ2UyNDY=;Prolog
645cb75f2eba3facb61801b1;MDg6TGFuZ3VhZ2U1MjM=;Blade
645cb90f2eba3facb61801f7;MDg6TGFuZ3VhZ2U0NTc=;AMPL
645cbc6a2eba3facb6180218;MDg6TGFuZ3VhZ2U2MTA=;Sass
645cbcb82eba3facb6180221;MDg6TGFuZ3VhZ2UxOTQ=;Haxe
645cbd722eba3facb618023c;MDg6TGFuZ3VhZ2U0Mzc=;Gettext Catalog
645cbea42eba3facb618026f;MDg6TGFuZ3VhZ2U1OTc=;Public Key
645cbed92eba3facb6180291;LAN_kgDNA4Q;Godot Resource
645cc0cb2eba3facb61802e0;MDg6TGFuZ3VhZ2UxNzA=;Nu
645cc1952eba3facb61802f3;MDg6TGFuZ3VhZ2U2MzM=;fish
645cc5202eba3facb6180303;MDg6TGFuZ3VhZ2U0NzQ=;Lex
645cc5202eba3facb6180305;MDg6TGFuZ3VhZ2U0NzM=;Yacc
645cc55a2eba3facb6180308;MDg6TGFuZ3VhZ2UzNTU=;Mathematica
645cc69e2eba3facb618030a;LAN_kgDNAzA;ShellCheck Config
645cc72f2eba3facb618030e;MDg6TGFuZ3VhZ2U1Mjg=;CSV
645cc9d22eba3facb6180314;LAN_kgDNA3o;Option List
645cf0aa41954bb7da300c24;MDg6TGFuZ3VhZ2U3Mjg=;BibTeX
645cf0aa41954bb7da300c26;MDg6TGFuZ3VhZ2UzMTg=;TeX
645cf23241954bb7da300c96;MDg6TGFuZ3VhZ2UyNjM=;Elixir
645cf23541954bb7da300ca0;MDg6TGFuZ3VhZ2U1Nzk=;Literate Haskell
645cf32541954bb7da300cb9;MDg6TGFuZ3VhZ2U1Njk=;Vim Script
645d12f0f6f82148bbf551fe;MDg6TGFuZ3VhZ2UzNzE=;Swift
645d1340f6f82148bbf55206;MDg6TGFuZ3VhZ2UxNTY=;Objective-C
645d1340f6f82148bbf55209;MDg6TGFuZ3VhZ2UyOTc=;Logos
645d16faf6f82148bbf552a5;MDg6TGFuZ3VhZ2U2MjU=;Wavefront Material
645d16faf6f82148bbf552a7;MDg6TGFuZ3VhZ2U2MjY=;Wavefront Object
645d1a52f6f82148bbf552c9;MDg6TGFuZ3VhZ2U3Nzc=;Nunjucks
645d1a7af6f82148bbf552e3;MDg6TGFuZ3VhZ2U0Nzk=;HCL
645d1a7af6f82148bbf552e5;MDg6TGFuZ3VhZ2U2MDI=;RPM Spec
645d1cf0f6f82148bbf55352;MDg6TGFuZ3VhZ2UyNjA=;Nim
645d1dfef6f82148bbf5538c;MDg6TGFuZ3VhZ2UzMDk=;Pascal
645d1f4df6f82148bbf553c5;MDg6TGFuZ3VhZ2U0Mjc=;Liquid
645d1f85f6f82148bbf553c7;MDg6TGFuZ3VhZ2U1Mzg=;EJS
645d2025f6f82148bbf553cb;MDg6TGFuZ3VhZ2U0MTg=;ApacheConf
645d21f9f6f82148bbf553d1;MDg6TGFuZ3VhZ2U1NTc=;Haml
645d22bcf6f82148bbf553d3;MDg6TGFuZ3VhZ2U2MTQ=;Stylus
645d23a7f6f82148bbf553de;MDg6TGFuZ3VhZ2U3Mzc=;Proguard
645d2418f6f82148bbf553f0;MDg6TGFuZ3VhZ2U2MjQ=;Unity3D Asset
645d2419f6f82148bbf553f2;MDg6TGFuZ3VhZ2U3MDc=;Dhall
645d25d5f6f82148bbf55404;LAN_kgDNA08;TextMate Properties
645d26def6f82148bbf55427;MDg6TGFuZ3VhZ2UyNzc=;Dart
645d2aaef6f82148bbf5548b;MDg6TGFuZ3VhZ2UzMjE=;ANTLR
645d2f1df6f82148bbf554d3;MDg6TGFuZ3VhZ2U2MTg=;Tcsh
645d2f48f6f82148bbf554e7;MDg6TGFuZ3VhZ2U0ODM=;Vue
645d2fa7f6f82148bbf55503;MDg6TGFuZ3VhZ2UzMDI=;XSLT
645d2fb7f6f82148bbf55506;MDg6TGFuZ3VhZ2UxODY=;D
645d2fdcf6f82148bbf55508;MDg6TGFuZ3VhZ2U0NDY=;Brainfuck
645d2fdef6f82148bbf55511;MDg6TGFuZ3VhZ2U3MjI=;Visual Basic .NET
645d2fdef6f82148bbf55513;MDg6TGFuZ3VhZ2U3OTE=;BASIC
645d3026f6f82148bbf55531;MDg6TGFuZ3VhZ2U1MDY=;GDB
645d303cf6f82148bbf55537;MDg6TGFuZ3VhZ2U1NzU=;Linker Script
645d30c3f6f82148bbf5554f;MDg6TGFuZ3VhZ2U1NTU=;HTML+PHP
645d329ef6f82148bbf55569;MDg6TGFuZ3VhZ2U3NjU=;ASL
645d3f2df6f82148bbf555c9;MDg6TGFuZ3VhZ2U1NDk=;GraphQL
645d55bbf6f82148bbf55616;MDg6TGFuZ3VhZ2U0MTk=;Handlebars
645d565ff6f82148bbf5563b;MDg6TGFuZ3VhZ2U2NzI=;HXML
645d5c00f6f82148bbf5573e;MDg6TGFuZ3VhZ2U3NDY=;Starlark
645d61c2f6f82148bbf55761;LAN_kgDNA4Y;Snakemake
645d6270f6f82148bbf55764;LAN_kgDNA2E;MiniYAML
645d69a0f6f82148bbf5577f;MDg6TGFuZ3VhZ2U2Mjc=;World of Warcraft Addon Data
645d72fbf6f82148bbf55844;MDg6TGFuZ3VhZ2UzODA=;Isabelle
645d72fbf6f82148bbf55846;MDg6TGFuZ3VhZ2U1NjA=;Isabelle ROOT
645d7399f6f82148bbf5584d;MDg6TGFuZ3VhZ2U2MjA=;Textile
645d73c8f6f82148bbf55862;MDg6TGFuZ3VhZ2U1NDM=;Unix Assembly
645d75e8f6f82148bbf558df;MDg6TGFuZ3VhZ2U3ODQ=;NEON
645d76b7f6f82148bbf55903;MDg6TGFuZ3VhZ2UxNjk=;Scala
645d76def6f82148bbf5591b;MDg6TGFuZ3VhZ2UzMDE=;Processing
645d774ef6f82148bbf5595b;MDg6TGFuZ3VhZ2UyNDA=;Ada
645d774ef6f82148bbf5595e;MDg6TGFuZ3VhZ2U3OTI=;FreeBasic
645d774ff6f82148bbf55968;MDg6TGFuZ3VhZ2U3NjE=;Fortran Free Form
645d7750f6f82148bbf55972;MDg6TGFuZ3VhZ2UzOTk=;LOLCODE
645d79ccf6f82148bbf55a15;MDg6TGFuZ3VhZ2U0NDE=;Inno Setup
645d7a32f6f82148bbf55a69;MDg6TGFuZ3VhZ2U0OTA=;MAXScript
645d8460f6f82148bbf55bb2;MDg6TGFuZ3VhZ2U1MzY=;EBNF
645d85e5f6f82148bbf55beb;MDg6TGFuZ3VhZ2U2MjE=;Turtle
645d8a05f6f82148bbf55c69;LAN_kgDNA2w;Just
645d9056f6f82148bbf55d23;MDg6TGFuZ3VhZ2UxNTQ=;Arc
645d9338f6f82148bbf55d80;MDg6TGFuZ3VhZ2UyODQ=;Awk
645d93eff6f82148bbf55d83;MDg6TGFuZ3VhZ2U3NTI=;Microsoft Developer Studio Project
645d946ff6f82148bbf55d88;MDg6TGFuZ3VhZ2UxNTA=;ActionScript
645d9666f6f82148bbf55dc2;LAN_kgDNA04;Soong
645d9755f6f82148bbf55e15;MDg6TGFuZ3VhZ2UzNDc=;GAP
645d97c5f6f82148bbf55e5b;MDg6TGFuZ3VhZ2U0OTY=;M4
645d98d1f6f82148bbf55e6c;MDg6TGFuZ3VhZ2U0NTI=;GLSL
645d98e1f6f82148bbf55e73;LAN_kgDNAzw;Janet
645d98e3f6f82148bbf55e76;MDg6TGFuZ3VhZ2UxODQ=;Tcl
645d9929f6f82148bbf55e7c;MDg6TGFuZ3VhZ2U0NjU=;DIGITAL Command Language
645d99c9f6f82148bbf55e83;MDg6TGFuZ3VhZ2UxNTM=;Erlang
645da94ef6f82148bbf55f1a;MDg6TGFuZ3VhZ2U0MjQ=;Protocol Buffer
645dacf6f6f82148bbf55f73;MDg6TGFuZ3VhZ2U3ODI=;TSV
645dbab7f6f82148bbf56037;LAN_kgDNA2o;Visual Basic 6.0
645dce5cf6f82148bbf5618c;MDg6TGFuZ3VhZ2U1ODk=;OpenRC runscript
645dced1f6f82148bbf56190;MDg6TGFuZ3VhZ2U1NDU=;Gentoo Ebuild
645dd4adf6f82148bbf561e9;MDg6TGFuZ3VhZ2UyNzk=;AppleScript
645dd607f6f82148bbf561fb;MDg6TGFuZ3VhZ2U4MDM=;Wikitext
645dd621f6f82148bbf561fd;MDg6TGFuZ3VhZ2UzNzY=;VCL
645dd71ef6f82148bbf5622d;MDg6TGFuZ3VhZ2UxNjE=;Common Lisp
645dd788f6f82148bbf56235;MDg6TGFuZ3VhZ2U4MDY=;Fennel
645dd7e6f6f82148bbf5623b;MDg6TGFuZ3VhZ2U0NjY=;API Blueprint
645ddbdcf6f82148bbf56271;MDg6TGFuZ3VhZ2U3MTM=;SSH Config
645ddecef6f82148bbf5629c;MDg6TGFuZ3VhZ2U0NzA=;Module Management System
645dded2f6f82148bbf562ac;MDg6TGFuZ3VhZ2U1ODU=;Ninja
645ddf02f6f82148bbf562c0;MDg6TGFuZ3VhZ2UyNDc=;MATLAB
645ddf03f6f82148bbf562c2;MDg6TGFuZ3VhZ2UzMDM=;M
645de27ff6f82148bbf562fe;MDg6TGFuZ3VhZ2UzMTk=;RobotFramework
645de4f4f6f82148bbf56352;LAN_kgDNA2c;Adblock Filter List
645de4f7f6f82148bbf56355;MDg6TGFuZ3VhZ2UzOTE=;OpenSCAD
645de882f6f82148bbf56377;MDg6TGFuZ3VhZ2U2OTY=;Jsonnet
645df07bf6f82148bbf5645c;MDg6TGFuZ3VhZ2UyODA=;Max
645df2a7f6f82148bbf564b5;MDg6TGFuZ3VhZ2U3NDU=;dircolors
645df2a8f6f82148bbf564b7;MDg6TGFuZ3VhZ2U3Mzg=;Readline Config
645df2a8f6f82148bbf564b9;MDg6TGFuZ3VhZ2U3MDI=;nanorc
645df37df6f82148bbf564f0;MDg6TGFuZ3VhZ2U3MTE=;ZenScript
645df3a5f6f82148bbf56505;MDg6TGFuZ3VhZ2U1NDQ=;GN
645df5d5f6f82148bbf56567;LAN_kgDNAzM;Euphoria
645df91bf6f82148bbf5659d;MDg6TGFuZ3VhZ2U2Nzc=;X BitMap
645e5999ba1370123db3f84e;MDg6TGFuZ3VhZ2U3OTM=;Singularity
645e5ec4ba1370123db3f861;MDg6TGFuZ3VhZ2UyNTU=;Standard ML
645e61abba1370123db3f8a8;MDg6TGFuZ3VhZ2UxNzg=;Fortran
645e6882ba1370123db3f8d1;MDg6TGFuZ3VhZ2UzMTY=;Elm
645e6938ba1370123db3f8ea;LAN_kgDNA3k;OASv3-yaml
645e75a6ba1370123db3f96e;MDg6TGFuZ3VhZ2U2NzU=;Cloud Firestore Security Rules
645e80ecba1370123db3fa66;MDg6TGFuZ3VhZ2U3NzY=;Mustache
645e8a66ba1370123db3fb06;MDg6TGFuZ3VhZ2UzMDA=;Graphviz (DOT)
645e8f79ba1370123db3fb0f;MDg6TGFuZ3VhZ2UyMzc=;Vala
645e910cba1370123db3fb46;MDg6TGFuZ3VhZ2U3NDQ=;cURL Config
645e92bbba1370123db3fbb7;LAN_kgDNA2Y;Elvish
645e95ebba1370123db3fc0a;MDg6TGFuZ3VhZ2U1Nzg=;Literate CoffeeScript
645e95f6ba1370123db3fc1c;MDg6TGFuZ3VhZ2U2MzI=;edn
645e96cbba1370123db3fc3b;MDg6TGFuZ3VhZ2UyNTQ=;AutoHotkey
645e96eeba1370123db3fc3d;MDg6TGFuZ3VhZ2U0NTA=;PLpgSQL
645e9705ba1370123db3fc41;MDg6TGFuZ3VhZ2U1MzQ=;DNS Zone
645ea82cba1370123db3fcbf;MDg6TGFuZ3VhZ2U1MTg=;ASN.1
645ed7f7ba1370123db3febb;LAN_kgDNA3c;OASv2-yaml
645ef848ba1370123db40050;MDg6TGFuZ3VhZ2U1MzI=;Cython
645ef8a7ba1370123db40053;MDg6TGFuZ3VhZ2U0MTU=;NewLisp
645f08e9ba1370123db400df;MDg6TGFuZ3VhZ2UxNTk=;OCaml
645f11f483df99054d3128bd;MDg6TGFuZ3VhZ2UzOTg=;GDScript
645f129a83df99054d3128ca;MDg6TGFuZ3VhZ2U1OTY=;Pod
645f17fd83df99054d31296f;MDg6TGFuZ3VhZ2UzNzI=;SAS
645f197c83df99054d3129a0;MDg6TGFuZ3VhZ2UyNDE=;XQuery
645f26de83df99054d312a65;MDg6TGFuZ3VhZ2UyNTk=;Puppet
645f27df83df99054d312a92;LAN_kgDNA3g;OASv3-json
645f298383df99054d312ac6;MDg6TGFuZ3VhZ2UzMjU=;AutoIt
645f307c83df99054d312b78;LAN_kgDNA1M;JetBrains MPS
645f4fcd83df99054d312cc3;MDg6TGFuZ3VhZ2UyNDg=;Rebol
645f665983df99054d312ead;MDg6TGFuZ3VhZ2U1Mjc=;CSON
645f66d983df99054d312ed9;MDg6TGFuZ3VhZ2UzNTY=;SourcePawn
645f742a83df99054d312fa8;MDg6TGFuZ3VhZ2UzNTE=;Stata
645f743b83df99054d312fab;LAN_kgDNAyg;E-mail
645f795983df99054d31305a;MDg6TGFuZ3VhZ2UzMTI=;COBOL
645f795b83df99054d31306c;MDg6TGFuZ3VhZ2U3MjM=;VBScript
645f824283df99054d3130f4;LAN_kgDNA3Y;OASv2-json
645f8e9383df99054d3131a8;MDg6TGFuZ3VhZ2U0NTM=;PLSQL
645f9e6c83df99054d313278;MDg6TGFuZ3VhZ2UzMjQ=;DM
645fa2f583df99054d3132d4;MDg6TGFuZ3VhZ2U0NjQ=;SaltStack
645fcd3583df99054d313497;MDg6TGFuZ3VhZ2U3NDc=;SWIG
645fcdfa83df99054d3134cb;LAN_kgDNA1U;Bikeshed
645fce5e83df99054d3134fa;MDg6TGFuZ3VhZ2U4MDQ=;KakouneScript
645fce6683df99054d3134fd;MDg6TGFuZ3VhZ2U3MTk=;V
64618f65ca0efcf2a2c0b167;MDg6TGFuZ3VhZ2U1NzY=;Linux Kernel Module
64618f8cca0efcf2a2c0b169;LAN_kgDNA1w;Wren
646191d2ca0efcf2a2c0b1b8;MDg6TGFuZ3VhZ2U3ODg=;jq
6461938cca0efcf2a2c0b1dc;MDg6TGFuZ3VhZ2U1MzE=;Creole
6461939aca0efcf2a2c0b1eb;LAN_kgDNA0Q;Berry
6461939bca0efcf2a2c0b1ef;MDg6TGFuZ3VhZ2U2NjI=;X PixMap
64623a849aca2ffb40f3b01d;MDg6TGFuZ3VhZ2U2NzA=;YARA
646252d09aca2ffb40f3b149;MDg6TGFuZ3VhZ2U3MzU=;OpenStep Property List
646254bb9aca2ffb40f3b1a7;MDg6TGFuZ3VhZ2U2MDc=;STON
6462598d9aca2ffb40f3b1f7;MDg6TGFuZ3VhZ2U2NjU=;Solidity
64625a2b9aca2ffb40f3b236;MDg6TGFuZ3VhZ2UxODg=;Verilog
64625b109aca2ffb40f3b239;MDg6TGFuZ3VhZ2U0MjM=;PostScript
64625b769aca2ffb40f3b25b;MDg6TGFuZ3VhZ2UzMTU=;J
64625b789aca2ffb40f3b264;MDg6TGFuZ3VhZ2UyOTM=;Forth
64625d279aca2ffb40f3b278;MDg6TGFuZ3VhZ2UzOTU=;Cycript
64625ff09aca2ffb40f3b2df;MDg6TGFuZ3VhZ2UxODE=;SuperCollider
646266769aca2ffb40f3b35a;MDg6TGFuZ3VhZ2U3MDU=;TSQL
64626a479aca2ffb40f3b3ae;MDg6TGFuZ3VhZ2U0ODU=;RAML
64626f169aca2ffb40f3b432;LAN_kgDNAzs;DenizenScript
646276769aca2ffb40f3b52f;MDg6TGFuZ3VhZ2U3NDg=;Raku
64627d099aca2ffb40f3b5e8;MDg6TGFuZ3VhZ2U0MDY=;Cap'n Proto
646296556de9ca58e7bfbc31;MDg6TGFuZ3VhZ2U1NjM=;JSONLD
6462aafe6de9ca58e7bfbdf6;MDg6TGFuZ3VhZ2U4MDc=;Valve Data Format
646335f03b892b592c1fb669;MDg6TGFuZ3VhZ2UzNjg=;Cuda
64633e663b892b592c1fb6e8;MDg6TGFuZ3VhZ2U2NjQ=;RPC
646381cf3b892b592c1fb9d0;LAN_kgDNA0A;Debian Package Control File
